Kategorie,Slovo
Farmacie,Antibiotikum
Farmacie,Analgetikum
Farmacie,Lékárna
Farmacie,Předpis
Farmacie,Tableta
Farmacie,Sirup
Farmacie,Kapky
Farmacie,Injekce
Farmacie,Mast
Farmacie,Prášek
Farmacie,Dávkování
Farmacie,Léčivo
Farmacie,Pacient
Farmacie,Diagnóza
Farmacie,Recept
Farmacie,Výdej
Farmacie,Lékopis
Farmacie,Vitamín
Farmacie,Dezinfekce
Farmacie,Prevence
Programování,Algoritmus
Programování,Funkce
Programování,Proměnná
Programování,Metoda
Programování,Třída
Programování,Rozhraní
Programování,Kompilace
Programování,Ladění
Programování,Framework
Programování,Databáze
Programování,Backend
Programování,Frontend
Programování,Dotaz
Programování,Smyčka
Programování,Podmínka
Programování,Syntaxe
Programování,Návratovost
Programování,Testování
Programování,Verze
Programování,Repozitář
Učitelství,Třída
Učitelství,Žák
Učitelství,Osnovy
Učitelství,Vysvědčení
Učitelství,Hodnocení
Učitelství,Výuka
Učitelství,Didaktika
Učitelství,Pedagogika
Učitelství,Hodina
Učitelství,Přestávka
Učitelství,Domácí úkol
Učitelství,Zkouška
Učitelství,Maturita
Učitelství,Klasifikace
Učitelství,Vzdělávání
Učitelství,Metodika
Učitelství,Pomůcka
Učitelství,Tabule
Učitelství,Sešit
Učitelství,Třídní kniha
Montessori,Materiál
Montessori,Absorpce
Montessori,Senzitivita
Montessori,Samostatnost
Montessori,Prostředí
Montessori,Svoboda
Montessori,Respekt
Montessori,Pozorování
Montessori,Příprava
Montessori,Koordinace
Montessori,Koncentrace
Montessori,Podnos
Montessori,Leštění
Montessori,Přesypávání
Montessori,Třídění
Montessori,Geometrie
Montessori,Příroda
Montessori,Válec
Montessori,Kosmos
Montessori,Normalizace
Zvířata,Želva
Zvířata,Slon
Zvířata,Tygr
Zvířata,Delfín
Zvířata,Žirafa
Zvířata,Krokodýl
Zvířata,Páv
Zvířata,Medvěd
Zvířata,Vlk
Zvířata,Liška
Zvířata,Zajíc
Zvířata,Jezevec
Zvířata,Veverka
Zvířata,Hroch
Zvířata,Lenochod
Zvířata,Tučňák
Zvířata,Albatros
Zvířata,Kolibřík
Zvířata,Papouš
Zvířata,Chameleon
Povolání,Lékař
Povolání,Učitel
Povolání,Inženýr
Povolání,Architekt
Povolání,Mechanik
Povolání,Programátor
Povolání,Kuchař
Povolání,Novinář
Povolání,Právník
Povolání,Hasič
Povolání,Policista
Povolání,Farmaceut
Povolání,Veterinář
Povolání,Knihovník
Povolání,Malíř
Povolání,Fotograf
Povolání,Herec
Povolání,Hudebník
Povolání,Zahradník
Povolání,Elektrikář